Coronavírus Brasilcovid.saude.gov.br,https://covid.saude.gov.br/,Casos novos de COVID-19 por Semana Epidemiológica de notificação. Casos novos. Semana Epidemiológica. Fonte: Secretarias Estaduais de Saúde. Brasil ...
Sobre a doença - Coronavírus - Ministério da Saúdecoronavirus.saude.gov.br › sobre-a-doenca,https://coronavirus.saude.gov.br/sobre-a-doenca,A COVID-19 é uma doença causada pelo coronavírus SARS-CoV-2, que apresenta um quadro clínico que varia de infecções assintomáticas a quadros ...
Covid-19: Estado do Rio registra 146 mortes e mais de 2,1 mil ...oglobo.globo.com › Rio,https://oglobo.globo.com/rio/covid-19-estado-do-rio-registra-146-mortes-mais-de-21-mil-casos-da-doenca-em-24-horas-24465291,2 horas atrás - Covid-19: Estado do Rio registra 146 mortes e mais de 2,1 mil casos da doença em 24 horas. Ocupação dos leitos de UTI na rede estadual é ...
SP supera marca de 130 mil infectados por Covid-19 com ...g1.globo.com › sao-paulo › noticia › 2020/06/05 › sp-su...,https://g1.globo.com/sp/sao-paulo/noticia/2020/06/05/sp-supera-marca-de-130-mil-infectados-por-covid-19-com-5365-novos-casos-em-24h-mortes-chegam-a-88-mil.ghtml,7 horas atrás - SP supera marca de 130 mil infectados por Covid-19 com 5.365 novos casos em 24h; mortes chegam a 8,8 mil ...
Missão Covid | Atendimento médico do COVID-19 sem sair de ...missaocovid.com.br,https://missaocovid.com.br/,Atendimento médico do COVID-19 sem sair de casa e 100% gratuito!
Coronavírus (COVID-19) - Google Notíciasgoogle.com › covid19-map,None,Coronavírus (COVID-19). Global. Confirmados. 6.416.828. Casos recuperados. —. Mortes. 382.867. Atualizado há menos de 6 horas Fonte: Wikipédia ...
Covid-19: Brasil tem novo recorde de mortes em 24h; foram ...olhardigital.com.br › coronavirus › noticia › covid-19-...,https://olhardigital.com.br/coronavirus/noticia/covid-19-brasil-tem-quase-18-mil-mortes-casos-somam-271-885/98089,Covid-19: Brasil tem novo recorde de mortes em 24h; foram 1.473 óbitos. Luiz Nogueira 04/06/2020 22h00. Compartilhe com seus seguidores. A A A ...
Especial Coronavirus (COVID-19) - UNA-SUSwww.unasus.gov.br › especial › covid19,https://www.unasus.gov.br/especial/covid19/,Essa página da UNA-SUS concentra informações oficiais nacionais e internacionais sobre a COVID-19, voltadas para a população e profissionais de saúde.
Atualização dos casos de doença pelo coronavírus (Covid-19 ...www.saude.go.gov.br › Notícias › CoronaVirus,https://www.saude.go.gov.br/noticias/764-coronavirus/11022-atualizacao-dos-casos-de-doenca-pelo-coronavirus-covid-19-em-goias-05-06-2020,5 horas atrás - Desde as primeiras confirmações de doença pela Covid-19, a SES-GO divulga boletins diários com atualizações sobre os casos confirmados e ...
Informações e recursos sobre a COVID-19 — Googlewww.google.com › intl › pt-BR_br › covid19,None,O vírus que causa a COVID-19 é transmitido principalmente por meio de gotículas geradas quando uma pessoa infectada tosse, espirra ou exala.
Covid-19 Dashboardcovid.saude.rs.gov.br,https://covid.saude.rs.gov.br/,Internações Hospitais. Última atualização: 05 de junho às 15h05. 1918. Leitos UTI Adulto. 71.7%. taxa de ocupação. 1375 ocupado(s). 6769. Leitos Covid-19 ...
Painel Rio COVID-19 - ArcGIS Experience Builderexperience.arcgis.com › experience,https://experience.arcgis.com/experience/38efc69787a346959c931568bd9e2cc4,Painel Rio COVID-19. boletim de 19/05/2020 18:00. Rio Contra o Corona. AP: Not fully configured. Not fully configured. Not fully configured. Not fully configured.
Recomendações de Seguranca covid-19 - O Boticáriowww.boticario.com.br › recomendacoes-de-seguranca-...,https://www.boticario.com.br/recomendacoes-de-seguranca-covid-19,... da sua casa, porém, com a evolução do Coronavírus, Covid-19, em escala global, queremos dar algumas dicas extras para o recebimento de suas compras.
Coronavírus em SC: Estado confirma 10.532 casos e 156 ...www.sc.gov.br › noticias › temas › coronavirus › coro...,https://www.sc.gov.br/noticias/temas/coronavirus/coronavirus-em-sc-estado-confirma-10-532-casos-e-156-obitos-por-covid-19,1 dia atrás - O Governo de Santa Catarina informou que há registro de 10.532 pacientes com teste positivo para Covid-19, sendo que 6.442 estão ...
COVID-19 – Wikipédia, a enciclopédia livrept.wikipedia.org › wiki › COVID-19,https://pt.wikipedia.org/wiki/COVID-19,COVID-19 (do inglês Coronavirus Disease 2019) é uma doença infeciosa causada pelo coronavírus da síndrome respiratória aguda grave 2 (SARS-CoV-2).
OPAS/OMS Brasil - Folha informativa – COVID-19 (doença ...www.paho.org › ... › Representação da OPAS no Brasil,https://www.paho.org/bra/index.php?option=com_content&view=article&id=6101:covid19&Itemid=875,2 dias atrás - Em 11 de março de 2020, a COVID-19 foi caracterizada pela OMS como uma pandemia. Foram confirmados no mundo 6.416.828 casos de ...
Exames para detecção da COVID-19 disponíveis na a+ ...www.amaissaude.com.br › noticias › exame-deteccao-c...,https://www.amaissaude.com.br/sp/noticias/exame-deteccao-covid-19-amais/,RT-PCR (do inglês reverse-transcriptase polymerase chain reaction), é considerado o padrão-ouro no diagnóstico da COVID-19, cuja confirmação é obtida ...
Crédito emergencial COVID-19 — Portal do Empreendedorwww.portaldoempreendedor.gov.br › temas › saiba-mais,http://www.portaldoempreendedor.gov.br/temas/credito/saiba-mais/saiba-mais-sobre-linhas-de-credito-emergenciais,A CNI produziu uma série de e-Books sobre diversas linhas de financiamento criadas no contexto da COVID-19. A Rede de Núcleos de Acesso ao Crédito ...
Informe Epidemiológico COVID-19 | Secretaria Municipal de ...saude.goiania.go.gov.br › goiania-contra-o-coronavirus,https://saude.goiania.go.gov.br/goiania-contra-o-coronavirus/informe-epidemiologico-covid-19/,Informe Epidemiológico COVID-19. Veja a Última Edição do Informe Epidemiológico COVID-19 (Edição Nº 61), atualizado em: 02/06/2020. Clique aqui para ...
